{"categories":[{"id":"53D69ACB-6C12-4863-A0EA-A83DB2C3D71D","name":"Text Styles","type":"textstyle","index":0},{"id":"c207da0b-6057-4e8a-a686-4f5d3193062a","name":"Colors","type":"color","index":1},{"id":"7ebc4821-8137-494a-9795-2866adde376b","name":"Icons","type":"layer","index":2},{"id":"6b8c2aa7-7a14-4a13-8d21-7e38d78cca1f","name":"Buttons","type":"layer","index":3},{"id":"854d899f-5ce1-4cbc-9810-9483ed2969a4","name":"Inputs","type":"layer","index":4},{"id":"3d8e6ef5-37a8-4953-91b5-7392b94eab68","name":"Notifications","type":"layer","index":5},{"id":"3238a48e-c654-4b9c-b8c4-e9644fafb332","name":"Misc","type":"layer","index":6},{"id":"1fd44803-5bc3-499c-be0f-6c0b9b0e6e08","name":"Illustrations","type":"layer","index":7},{"id":"f91faf7e-d899-4c96-9f4d-bb4c5183afc8","name":"Coloration","type":"layer","index":8}],"name":"MAC 2.0 (DS)","groups":[{"id":"1457852e-fccb-40e4-99d1-a575fe12823c","parentId":"1fd44803-5bc3-499c-be0f-6c0b9b0e6e08","type":"layer","name":"Onboarding Illustrations","index":0},{"id":"4517dab2-f252-45cb-8758-4d4ec0479acf","parentId":"c207da0b-6057-4e8a-a686-4f5d3193062a","type":"color","name":"Header Colors","index":5},{"id":"fb9a9002-9959-4e1b-97cd-8f9b40f64fc6","parentId":"c207da0b-6057-4e8a-a686-4f5d3193062a","type":"color","name":"Shades","index":6},{"id":"ec63b144-66ea-4b47-b93a-b15ac89873cf","parentId":"7ebc4821-8137-494a-9795-2866adde376b","type":"layer","name":"Candidate Process","index":0},{"id":"6e195e66-a118-4921-83c7-1441369688ae","parentId":"7ebc4821-8137-494a-9795-2866adde376b","type":"layer","name":"Social Icons","index":2},{"id":"741a2100-8e6b-483f-bf49-556905685978","parentId":"7ebc4821-8137-494a-9795-2866adde376b","type":"layer","name":"UI Icons","index":1},{"id":"c320d4b9-34a1-4fd4-ba77-8a158592ef92","parentId":"6b8c2aa7-7a14-4a13-8d21-7e38d78cca1f","type":"layer","name":"Link Buttons","index":0},{"id":"92a55574-a0b5-4be4-9cbe-074b7f6b12f4","parentId":"6b8c2aa7-7a14-4a13-8d21-7e38d78cca1f","type":"layer","name":"Primary Buttons","index":1},{"id":"3bea473f-2cd2-4503-81e6-99fe6f2c7e35","parentId":"6b8c2aa7-7a14-4a13-8d21-7e38d78cca1f","type":"layer","name":"Secondary Buttons","index":3},{"id":"5b0617a5-3b5b-4547-a70b-e87b9c476d89","parentId":"6b8c2aa7-7a14-4a13-8d21-7e38d78cca1f","type":"layer","name":"Disabled Buttons","index":4}],"version":2}